{
    "date of birth" : ["old", "bear", "date", "birth", "when"],
    "award received" : ["award", "receive", "win", "what"],
    "composer" : ["composer", "compose", "music", "create", "score", "who"],
    "genre" : ["kind", "film", "genre", "type", "Christmas", "what"],
    "director" : ["direct", "director", "who"],
    "takes place in fictional universe" : ["take", "place", "set", "where"],
    "original broadcaster": ["company", "distribute", "original", "broadcast"],
    "country of origin": ["country", "origin", "come", "from", "land", "where"],
    "screenwriter": ["screenwriter", "write", "writer", "who"],
    "duration": ["long", "duration", "length", "how", "minute", "many"],
    "review score": ["review", "score", "rating", "what"],
    "catchphrase" : ["catchphrase", "what"],
    "number of episodes" : ["number", "episode", "how", "many"],
    "member of political party" : ["member", "political", "party"],
    "native language" : ["native", "language", "what"],
    "religion": ["belief", "religion", "faith"],
    "sex or gender": ["sex", "gender", "male", "female"],
    "father": ["father", "dad", "daddy", "of", "who"],
    "mother" : ["mom", "mother", "mommy", "of", "who"],
    "relative": ["relative", "who"], 
    "filmography": ["filmography"],
    "eye color": ["eye", "color", "colour", "what"],
    "nominated for": ["nominate", "what"],
    "birth name": ["name", "birth", "what"],
    "Twitter username": ["Twitter", "username", "what"],
    "Instagram username": ["Insta", "Instagram", "username", "what"],
    "net worth": ["net", "worth", "money", "own", "have", "what", "how", "much"],
    "residence": ["live", "where", "residence", "house", "where"],
    "family name": ["family", "name", "last", "what"],
    "given name": ["give", "name", "first", "what"],
    "occupation": ["occupation", "busy", "job", "work", "what", "where"],
    "place of birth": ["place", "where", "birth", "bear", "city", "where"],
    "creator": ["creator", "create", "artist", "make", "who"],
    "ethnic group": ["ethnic", "group", "ethnicity", "race", "racial"],
    "spouse": ["spouse", "marry", "wife", "husband", "to", "who"],
    "owner of": ["own", "owner", "who"],
    "child": ["child", "son", "daughter", "kid", "who"],
    "author": ["author", "write", "writer", "who"],
    "present in work": ["take", "place", "in", "present", "work", "star"],
    "enemy of": ["enemy", "who"],
    "official website": ["website", "official", "page", "web"],
    "publisher": ["publish", "publisher"],
    "has part": ["character", "play", "what"],
    "aspect ratio": ["aspect", "ratio", "shoot", "film", "what"],
    "title": ["title", "headline", "full", "know", "original", "what"],
    "cost": ["budget", "cost", "money", "of", "for", "production", "how", "much", "dollar", "USD", "U.S.D", "what"],
    "editor": ["editor", "edit", "who"],
    "box office": ["bring", "box", "office", "profit", "make", "money", "what", "how", "much"],
    "main subject": ["subject", "topic", "about", "main", "issue", "regard", "term", "describe", "mention", "what"],
    "cast member": ["cast", "member", "play", "in", "actor", "actrice", "act", "lead", "who"],
    "film editor": ["editor", "edit", "who"],
    "performer": ["perform", "performer", "artist", "record", "musician", "actor", "play", "who"],
    "Kijkwijzer rating": ["rating", "kijkwijzer", "wijzer", "age", "allow", "permit", "what"],
    "filming location": ["film", "location", "where", "place", "set", "country", "in", "site"],
    "follows": ["follow", "successor", "succeed", "prequel", "what"],
    "instance of": ["animate", "what"],
    "executive producer": ["executive", "producer", "produce", "who"],
    "production company": ["production", "company", "produce", "which"],
    "publication date": ["date", "publication", "publish", "release", "when", "time", "launch", "come", "out", "first", "premiere"],
    "director of photography": ["cinematographer", "photography", "photographer", "photo", "who"],
    "country of citizenship": ["citizen", "country", "citizenship", "national", "nationality", "where", "what"],
    "sibling": ["brother", "sister", "sibling", "half", "who"],
    "height": ["long", "height", "length", "tall", "how"],
    "work period (start)": ["career", "work", "begin", "start", "period", "act", "when"],
    "number of children": ["amount", "kid", "child", "number", "how", "many"],
    "hair color": ["color", "colour", "hair", "what"],
    "languages spoken, written or signed": ["language", "speak", "write", "sign", "which"],
    "educated at": ["education", "educate", "school", "go", "where", "attend", "university", "where", "what"],
    "lifestyle": ["lifestyle", "style", "life", "vegan", "vegetarian", "what"],
    "test taken": ["Bechdel", "test", "reverse", "Mako", "Mori", "what"],
    "date of death": ["when", "die", "death", "date"],
    "cause of death": ["how", "die", "death", "cause", "what"],
    "place of death": ["where", "die", "death", "place"],
    "manner of death" : ["manner", "death", "die"],
    "costume designer": ["costume", "design", "who"],
    "named after" : ["name", "after", "who"],
    "voice actor": ["voice", "actor", "dub", "actress", "vocal", "who"],
    "has edition or translation": ["translation", "translate", "edition", "version", "what"],
    "after a work by": ["inspire", "work", "after", "by", "inspiration", "inspirational", "who"], 
    "set in period": ["set", "period",  "era", "time", "setting", "takes", "place", "when"],
    "narrative location": ["location", "setting", "set", "take", "place", "where", "country", "do"],
    "color": ["color", "colour", "what"],
    "characters": ["character", "appear", "who"],
    "depicts": ["depict", "depiction", "portray", "subject", "picture", "motif", "what"],
    "fabrication method": ["fabrication", "make", "process", "production", "produce", "how"],
    "distribution format": ["media", "type", "format", "distribute", "medium", "distribution", "available", "how", "what"],
    "based on" : ["base", "on", "inspire", "by", "what"],
    "inspired by" : ["inspire", "by", "what"],
    "followed by" : ["follow", "by", "sequel", "next", "up", "what"],
    "derivative work" : ["late", "work", "derivative", "movie", "film", "derive", "what"],
    "theme music" : ["theme", "song", "score", "music", "what"],
    "IMDb ID" : ["imbd", "id", "what"], 
    "character role" : ["main", "character", "play", "who"],
    "employer": ["work", "at", "employ", "who"],
    "distributed by": ["distribute", "by", "company", "organisation", "which"],
    "notable work": ["notable", "work", "know", "for", "what"],
    "number of subscribers" : ["user", "subscriber", "number", "of", "follower", "how", "many"],
    "social media followers" : ["social", "media", "follower", "Twitter", "Instagram", "how", "many", "amount", "number"],
    "population" : ["people", "how", "many", "population", "live"]
}